PC1,PC2,PC3,PC4,PC5,PC6,PC7,PC8,PC9,PC10
-2.6161448573811406,-0.5080088183623631,-0.05799449810577205,-0.21109505986796762,0.07005082148962427,0.03947022312666115,-0.028822292212009583,-0.07542368800579127,0.03885073822603028,0.033148975426746975
5.175345418117355,-3.0114667088699707,3.096202150843844,-0.29438532760491687,-0.16248076768773825,0.13374852294868553,0.08108879185352483,-0.3910897510338012,0.18347947925400415,-0.014417354556895325
3.347757143691065,0.1329612752757829,-1.3934611015361413,-0.3052621558201568,-0.001136294506861421,0.025822715202713894,-0.019224662974587452,0.060844832322413084,0.0718317068003575,0.178173126138316
0.4939467562355814,1.4568859387520743,0.6255579430848963,0.7056204763690184,-0.08549738525574235,-0.12228352781664417,0.049243896168108856,0.1675774129297013,-0.1728032819555299,-0.2114024184357441
