Cluster,Size,Percentage
0,1021,45.58035714285714
1,131,5.848214285714286
2,509,22.723214285714285
3,579,25.84821428571429
