Component,Variance_Explained,Cumulative_Variance
PC1,0.32271138239127584,0.32271138239127584
PC2,0.09976659706742151,0.42247797945869736
PC3,0.08875572608689987,0.5112337055455972
PC4,0.06500501101690459,0.5762387165625018
PC5,0.045309195981208604,0.6215479125437104
PC6,0.03913141901890037,0.6606793315626108
PC7,0.03786017199873733,0.6985395035613482
PC8,0.03358657159237768,0.7321260751537259
PC9,0.03144480134247869,0.7635708764962046
PC10,0.028936021369826623,0.7925068978660312
